Model Family,Model,N_Features,CV_MAE,CV_MAE_std,CV_RMSE,CV_RMSE_std,CV_R2,CV_R2_std,Holdout_MAE,Holdout_RMSE,Holdout_R2,CV_seconds,Fit_seconds,Predict_seconds,Feature Columns
Structural-only core,Random Forest,11,0.0128525757526061,0.0001637148580104914,0.03907903713156985,0.001384688375602839,0.13912669762784938,0.006658956892044417,0.013197846490375961,0.040833458718321225,0.15113847029513128,12.000541834000614,1.2877218339999672,0.05196287500075414,"age_years, time_since_rehab, reconstructed_flag, spans, max_span_log1p, skew, cond, deck_area_log1p, operating_rating, HWB_CLASS, design_era_1989"
Structural + SVI,Random Forest,12,0.012982800782798272,0.0002121529797995725,0.03921920314057598,0.0014557557951438596,0.13303817473835225,0.007797562871470558,0.013359427352675405,0.04100309528524309,0.14407088066013074,4.6074551659985445,1.711807834002684,0.0561655419987801,"age_years, time_since_rehab, reconstructed_flag, spans, max_span_log1p, skew, cond, deck_area_log1p, operating_rating, HWB_CLASS, design_era_1989, SVI"
Structural + SVI + NDVI,Random Forest,14,0.01281134511448008,7.227252736082175e-05,0.039397980239111834,0.0013673652400700528,0.12500048246899254,0.002656592583489804,0.013034694594025927,0.040926944647008495,0.14724717858525116,5.547388667000632,1.4529062090005027,0.06525608300216845,"age_years, time_since_rehab, reconstructed_flag, spans, max_span_log1p, skew, cond, deck_area_log1p, operating_rating, HWB_CLASS, design_era_1989, SVI, ndvi_change, ndvi_loss"
Structural + SVI + NDVI,HistGradientBoosting,14,0.012788761747222524,0.00010339593523521507,0.039407158918773916,0.0012833291476929984,0.12443359947953352,0.007300093600882487,0.01307647649950291,0.04056820401802377,0.16213108183706737,8.403145166001195,4.272198082999239,0.06845824999982142,"age_years, time_since_rehab, reconstructed_flag, spans, max_span_log1p, skew, cond, deck_area_log1p, operating_rating, HWB_CLASS, design_era_1989, SVI, ndvi_change, ndvi_loss"
Structural-only core,HistGradientBoosting,11,0.012976919762007565,0.00019276318725760356,0.03941442393360487,0.0014469988614446232,0.12439634457573763,0.002491908458387961,0.013312710389258532,0.040991242564904794,0.14456565414469347,3.0800945419978234,2.7992913750022126,0.05287262500132783,"age_years, time_since_rehab, reconstructed_flag, spans, max_span_log1p, skew, cond, deck_area_log1p, operating_rating, HWB_CLASS, design_era_1989"
Structural + SVI + NDVI,Extra Trees,14,0.01288957815378468,0.0001280153554738747,0.03944516758199466,0.0014190622243909828,0.12298549866561688,0.0010603313421625768,0.013273507837998801,0.04110057605964905,0.13999627048981078,3.5817057080021186,0.8299240420019487,0.06872704200213775,"age_years, time_since_rehab, reconstructed_flag, spans, max_span_log1p, skew, cond, deck_area_log1p, operating_rating, HWB_CLASS, design_era_1989, SVI, ndvi_change, ndvi_loss"
Structural + SVI,HistGradientBoosting,12,0.013042341068119653,0.00022830736354199004,0.0395483397110808,0.0015061895344578348,0.11848917803489123,0.008168659634294417,0.013328825343463089,0.04103460134106618,0.14275501360708676,3.135118333000719,3.431920834002085,0.05238587499843561,"age_years, time_since_rehab, reconstructed_flag, spans, max_span_log1p, skew, cond, deck_area_log1p, operating_rating, HWB_CLASS, design_era_1989, SVI"
Structural-only core,Extra Trees,11,0.013094133847425938,0.00018779124581212934,0.03958093798417753,0.0014198158446487338,0.1169257647579222,0.0026685380176058237,0.013524937399853441,0.041197168869424594,0.1359492327786127,3.66428950000045,0.8025707919987326,0.07359487500070827,"age_years, time_since_rehab, reconstructed_flag, spans, max_span_log1p, skew, cond, deck_area_log1p, operating_rating, HWB_CLASS, design_era_1989"
Structural + SVI,Extra Trees,12,0.013125243371414207,0.0001627195210046898,0.03963864828537287,0.001442460942256601,0.11436932807586726,0.005223023002900519,0.013564633687315919,0.04135191528207866,0.12944587920950879,3.8086717920014053,1.1213714999976219,0.06472375000157626,"age_years, time_since_rehab, reconstructed_flag, spans, max_span_log1p, skew, cond, deck_area_log1p, operating_rating, HWB_CLASS, design_era_1989, SVI"
Structural-only core,KNeighbors,11,0.012982696765583597,0.00014380469335148667,0.04020619490943942,0.0012809107093599249,0.08853270058929792,0.006868162542187002,0.013356992550408401,0.041791785988552696,0.11082676947911518,1.6306131669989554,0.03303112499997951,0.1671040000001085,"age_years, time_since_rehab, reconstructed_flag, spans, max_span_log1p, skew, cond, deck_area_log1p, operating_rating, HWB_CLASS, design_era_1989"
Structural + SVI,KNeighbors,12,0.013095641781220574,0.00013267869077032696,0.04038074706882585,0.0013762137915266336,0.08075261907926701,0.0044142198005295025,0.013395078623562874,0.04192858472028802,0.1049961093029168,1.4728611659993476,0.03608729099869379,0.16570462500021677,"age_years, time_since_rehab, reconstructed_flag, spans, max_span_log1p, skew, cond, deck_area_log1p, operating_rating, HWB_CLASS, design_era_1989, SVI"
Structural + SVI + NDVI,KNeighbors,14,0.012850435129565907,0.00012383204110911854,0.04041342308465948,0.0014114745731316793,0.07931759469734583,0.0056471335083770205,0.013177207800206637,0.04235611395796967,0.0866510518710768,4.416637292000814,0.06313858299836284,0.42361733299912885,"age_years, time_since_rehab, reconstructed_flag, spans, max_span_log1p, skew, cond, deck_area_log1p, operating_rating, HWB_CLASS, design_era_1989, SVI, ndvi_change, ndvi_loss"
Structural + SVI + NDVI,Gradient Boosting,14,0.013392258355244532,0.00012723583073104256,0.040511001596339635,0.0014780593173955086,0.07498339414668453,0.0020821627217037252,0.013735990747961871,0.042583939859329914,0.07679914845023061,18.96167120800237,8.174403791999794,0.023743041001580423,"age_years, time_since_rehab, reconstructed_flag, spans, max_span_log1p, skew, cond, deck_area_log1p, operating_rating, HWB_CLASS, design_era_1989, SVI, ndvi_change, ndvi_loss"
Structural-only core,Gradient Boosting,11,0.013679034872748368,0.00015445316306151409,0.04086062423526004,0.0015001403690790478,0.05895701039546519,0.0037290297634467004,0.014120605932552186,0.04307595088514592,0.055342747892667354,13.79457687499962,5.367024709001271,0.020309707997512305,"age_years, time_since_rehab, reconstructed_flag, spans, max_span_log1p, skew, cond, deck_area_log1p, operating_rating, HWB_CLASS, design_era_1989"
Structural + SVI,Gradient Boosting,12,0.01369255674620222,0.0001513484080783212,0.040863185991007536,0.0015032945836213416,0.058847094256661646,0.003179277449561397,0.014113181171279618,0.04298390611027995,0.05937552553452008,17.18230987499919,6.717792958002974,0.024626999998872634,"age_years, time_since_rehab, reconstructed_flag, spans, max_span_log1p, skew, cond, deck_area_log1p, operating_rating, HWB_CLASS, design_era_1989, SVI"
Structural + SVI + NDVI,Linear Regression,14,0.014104575531387725,0.00025122419612218775,0.04130383252841727,0.0014787450447329496,0.03836972679215093,0.0029966496746829147,0.014567312955400527,0.043521516674446974,0.03569912687681687,1.459896000000299,0.20635445900188643,0.052178083002218045,"age_years, time_since_rehab, reconstructed_flag, spans, max_span_log1p, skew, cond, deck_area_log1p, operating_rating, HWB_CLASS, design_era_1989, SVI, ndvi_change, ndvi_loss"
Structural + SVI + NDVI,Ridge Regression,14,0.014100138018924372,0.00024411121072125846,0.04130651824570045,0.0014825878125992742,0.03825207909038183,0.0027289710926703455,0.014570816828592017,0.04352076927762129,0.03573224655086371,0.7500872080017871,0.11949558299966156,0.01792883400048595,"age_years, time_since_rehab, reconstructed_flag, spans, max_span_log1p, skew, cond, deck_area_log1p, operating_rating, HWB_CLASS, design_era_1989, SVI, ndvi_change, ndvi_loss"
Structural + SVI + NDVI,Lasso Regression,14,0.014036879796016798,0.00023145437807740776,0.041342998801845846,0.001488750964242885,0.0365637657138523,0.0018553960796782848,0.014504018087723829,0.043559470286413736,0.034016526536235436,10.636303416998999,2.8608264590002364,0.01521254100225633,"age_years, time_since_rehab, reconstructed_flag, spans, max_span_log1p, skew, cond, deck_area_log1p, operating_rating, HWB_CLASS, design_era_1989, SVI, ndvi_change, ndvi_loss"
Structural + SVI + NDVI,Elastic Net,14,0.014027086723403843,0.0002274077302234675,0.04135367927581551,0.0014883222569968466,0.03606465065594244,0.0018043389099107656,0.014492406012040084,0.043569315680434866,0.0335798103576016,10.963196000000607,1.44829241700063,0.019323374999657972,"age_years, time_since_rehab, reconstructed_flag, spans, max_span_log1p, skew, cond, deck_area_log1p, operating_rating, HWB_CLASS, design_era_1989, SVI, ndvi_change, ndvi_loss"
Structural + SVI,Linear Regression,12,0.014191918852889084,0.0002554754973556159,0.041438969449984035,0.0014914910066274975,0.032079532444181234,0.0032654518717058234,0.014721044241989839,0.0436689976836547,0.029152616550620958,1.3114587080017373,0.24011983400123427,0.013291833998664515,"age_years, time_since_rehab, reconstructed_flag, spans, max_span_log1p, skew, cond, deck_area_log1p, operating_rating, HWB_CLASS, design_era_1989, SVI"
Structural-only core,Linear Regression,11,0.014183786830931975,0.0002544224214170521,0.04144081050189332,0.0014892144369278001,0.03198951509173176,0.0032596513986045106,0.014666711486195397,0.043670359561607676,0.029092061175673534,0.8304309170016495,0.2701162090015714,0.029780041997582885,"age_years, time_since_rehab, reconstructed_flag, spans, max_span_log1p, skew, cond, deck_area_log1p, operating_rating, HWB_CLASS, design_era_1989"
Structural + SVI,Ridge Regression,12,0.014186963381162097,0.0002552704843266852,0.04144196276516184,0.0014900568286529536,0.03193747869174109,0.003158585384446693,0.01467326189963305,0.043669976806151485,0.029109080439366997,0.68107987500116,0.13068175000080373,0.020911707997584017,"age_years, time_since_rehab, reconstructed_flag, spans, max_span_log1p, skew, cond, deck_area_log1p, operating_rating, HWB_CLASS, design_era_1989, SVI"
Structural-only core,Ridge Regression,11,0.01418440934863518,0.0002549903627383087,0.04144298740381761,0.001490046193877315,0.031889456106002544,0.003175965246841486,0.01467020918644782,0.04367092035389121,0.029067125215377576,0.41655125000033877,0.053039457998238504,0.00802458399994066,"age_years, time_since_rehab, reconstructed_flag, spans, max_span_log1p, skew, cond, deck_area_log1p, operating_rating, HWB_CLASS, design_era_1989"
Structural-only core,Lasso Regression,11,0.014131218353826748,0.0002454648469235514,0.041477234915394325,0.001497737550963161,0.030303391698318343,0.00223599044497418,0.014605648283510452,0.043711040567295745,0.027282325296294485,6.391988458002743,3.531661458000599,0.04494537500067963,"age_years, time_since_rehab, reconstructed_flag, spans, max_span_log1p, skew, cond, deck_area_log1p, operating_rating, HWB_CLASS, design_era_1989"
Structural + SVI,Lasso Regression,12,0.01412990945324919,0.0002454304653787277,0.04147886547007859,0.001496832874047595,0.030225447007257378,0.0022420046470361314,0.014603833506416414,0.043711209446827014,0.027274809006580525,8.944501499998296,1.441106749996834,0.027411999999458203,"age_years, time_since_rehab, reconstructed_flag, spans, max_span_log1p, skew, cond, deck_area_log1p, operating_rating, HWB_CLASS, design_era_1989, SVI"
Structural-only core,Elastic Net,11,0.014122180455315167,0.00024267965340025183,0.041486514080676905,0.001497553867532565,0.02986877397036965,0.002170767371663173,0.014594348619673791,0.04371903820110385,0.026926344228517363,5.778201417000673,0.8532729170001403,0.038527583001268795,"age_years, time_since_rehab, reconstructed_flag, spans, max_span_log1p, skew, cond, deck_area_log1p, operating_rating, HWB_CLASS, design_era_1989"
Structural + SVI,Elastic Net,12,0.01412027594037617,0.00024215338976538706,0.04148921218771388,0.0014962699386438121,0.02974012015821259,0.002187205296766022,0.014591813691568705,0.043719126324029314,0.0269224214439735,2.5004250409983797,0.6995465829968452,0.03247754100084421,"age_years, time_since_rehab, reconstructed_flag, spans, max_span_log1p, skew, cond, deck_area_log1p, operating_rating, HWB_CLASS, design_era_1989, SVI"
Structural + SVI + NDVI,Support Vector Regressor (LinearSVR),14,0.02017745779692317,0.000265477237925562,0.041893915654638146,0.0013842986043279251,0.01049209790991168,0.0060159720060977044,0.02062027075110401,0.04398257373431303,0.015159736561979331,18.211035000000265,6.347557750003034,0.006437915999413235,"age_years, time_since_rehab, reconstructed_flag, spans, max_span_log1p, skew, cond, deck_area_log1p, operating_rating, HWB_CLASS, design_era_1989, SVI, ndvi_change, ndvi_loss"
Structural + SVI,Support Vector Regressor (LinearSVR),12,0.020591876731174536,0.0003046481339930197,0.04207601344366815,0.001390295965048672,0.0018714517461396,0.006047267894359451,0.02107049290260517,0.044185088307350406,0.006069605977404469,16.733913042000495,6.432347958001628,0.006485000001703156,"age_years, time_since_rehab, reconstructed_flag, spans, max_span_log1p, skew, cond, deck_area_log1p, operating_rating, HWB_CLASS, design_era_1989, SVI"
Structural-only core,Support Vector Regressor (LinearSVR),11,0.020606609005000456,0.00031184530371173045,0.042081044014811296,0.0013903368832023034,0.0016324977017560711,0.006059254616595617,0.021092755900872333,0.04418736666361,0.00596710144451662,16.02328879199922,6.057631125000626,0.005299333002767526,"age_years, time_since_rehab, reconstructed_flag, spans, max_span_log1p, skew, cond, deck_area_log1p, operating_rating, HWB_CLASS, design_era_1989"
Structural-only core,Decision Tree,11,0.01307983704479429,0.0003819088530363652,0.04315703784166356,0.0017336096642940027,-0.05008208409308542,0.033812253807819805,0.013350595878465817,0.043881268877761295,0.019691267770825305,0.9718864580027002,0.18363058299655677,0.0063900839995767456,"age_years, time_since_rehab, reconstructed_flag, spans, max_span_log1p, skew, cond, deck_area_log1p, operating_rating, HWB_CLASS, design_era_1989"
Structural + SVI,Decision Tree,12,0.013206510074676561,0.0005383669541382126,0.043164015806822074,0.0015576714893818287,-0.05082747548503878,0.036020907328576664,0.013295533208640761,0.043715528879269105,0.02708255496478129,0.8250593749980908,0.18918275000032736,0.005273958999168826,"age_years, time_since_rehab, reconstructed_flag, spans, max_span_log1p, skew, cond, deck_area_log1p, operating_rating, HWB_CLASS, design_era_1989, SVI"
Structural + SVI + NDVI,Decision Tree,14,0.013511149593389315,8.679352893965204e-05,0.04416614292922277,0.0007212698969109712,-0.10153318167110115,0.04414998635933031,0.013146802656194008,0.04456157272832456,-0.01094036406671961,1.225782541998342,0.3206386249985371,0.009757125000760425,"age_years, time_since_rehab, reconstructed_flag, spans, max_span_log1p, skew, cond, deck_area_log1p, operating_rating, HWB_CLASS, design_era_1989, SVI, ndvi_change, ndvi_loss"
Structural + SVI + NDVI,MLPRegressor,14,0.022303851955256266,0.0006284466067871277,0.04761215101349316,0.0013625349393455585,-0.2785146255860513,0.017661932130202312,0.02147540045139089,0.04811952537317534,-0.1788191620468449,3.420185916002083,1.2416630410007201,0.014704959001392126,"age_years, time_since_rehab, reconstructed_flag, spans, max_span_log1p, skew, cond, deck_area_log1p, operating_rating, HWB_CLASS, design_era_1989, SVI, ndvi_change, ndvi_loss"
Structural-only core,MLPRegressor,11,0.02265767962225733,0.0004886445461190529,0.047628241185901345,0.0010950748931481597,-0.28008962224691114,0.03425938951423393,0.020706494482244195,0.04785629053672537,-0.16595712687659736,4.09992066599807,10.591170540999883,0.02006795799752581,"age_years, time_since_rehab, reconstructed_flag, spans, max_span_log1p, skew, cond, deck_area_log1p, operating_rating, HWB_CLASS, design_era_1989"
Structural + SVI,MLPRegressor,12,0.02528917156098831,0.0006602921589244162,0.051827032239869564,0.0016003659319114207,-0.5146143190119422,0.014351274581453065,0.025025010932417727,0.05174800277806944,-0.36330084014566344,4.030766832998779,16.20505187500021,0.024523750002117595,"age_years, time_since_rehab, reconstructed_flag, spans, max_span_log1p, skew, cond, deck_area_log1p, operating_rating, HWB_CLASS, design_era_1989, SVI"
Structural + SVI + NDVI,AdaBoost,14,0.036541657412197295,0.0006569290568981875,0.052066171304425896,0.0016188005378661437,-0.5289130961530851,0.033149828478882454,0.037997237717438896,0.05421793077696877,-0.4965471157000272,20.379906957998173,7.68261458300185,0.0937046660001215,"age_years, time_since_rehab, reconstructed_flag, spans, max_span_log1p, skew, cond, deck_area_log1p, operating_rating, HWB_CLASS, design_era_1989, SVI, ndvi_change, ndvi_loss"
Structural + SVI,AdaBoost,12,0.03780813650629115,0.0008558152988743914,0.05324905168509945,0.0014771691582368392,-0.5993011963515565,0.025612159355300326,0.03955857685418145,0.05516326188066305,-0.5491889627140474,19.216480833998503,6.913902875003259,0.09445899999991525,"age_years, time_since_rehab, reconstructed_flag, spans, max_span_log1p, skew, cond, deck_area_log1p, operating_rating, HWB_CLASS, design_era_1989, SVI"
Structural-only core,AdaBoost,11,0.038281100550356335,0.0009518046170420943,0.05346880684332724,0.0014239825162022809,-0.6127595855689599,0.03294573694455984,0.03798812795311731,0.05332964033339422,-0.4479108622179464,16.19125787500161,5.934985959000187,0.09302449999813689,"age_years, time_since_rehab, reconstructed_flag, spans, max_span_log1p, skew, cond, deck_area_log1p, operating_rating, HWB_CLASS, design_era_1989"
